{
  "recall@5": 0.0007283711196929404,
  "precision@5": 0.004776969313508384,
  "ndcg@5": 0.008610312286930743,
  "hit_rate@5": 0.021512179689971527,
  "map@5": 0.0024968910516355775,
  "recall@10": 0.0013355773790682836,
  "precision@10": 0.0046029737424865555,
  "ndcg@10": 0.008479983893743954,
  "hit_rate@10": 0.03875355900031636,
  "map@10": 0.0017275775949741887,
  "recall@20": 0.0024485885152986733,
  "precision@20": 0.004405251502689023,
  "ndcg@20": 0.008666555727207335,
  "hit_rate@20": 0.06659285036380892,
  "map@20": 0.0012294586883657016,
  "recall@50": 0.005803585119174347,
  "precision@50": 0.004460613729832332,
  "ndcg@50": 0.0094832124616449,
  "hit_rate@50": 0.12954761151534325,
  "map@50": 0.0009618607665459827,
  "coverage": 0.26418755052546483
}